0,file,nodes,time,cost,path
3,distance-matrix-100-0.txt,100,109.114283,141.755990,"[0,1,2,3,4,6,12,25,36,35,34,33,61,62,63,64,65,67,69,71,77,84,85,86,78,79,80,37,26,13,14,15,16,27,28,17,18,19,20,21,29,42,46,50,59,58,57,56,55,49,45,41,40,39,38,81,87,91,95,94,90,89,93,99,98,97,96,92,88,82,83,76,75,74,73,72,70,68,66,60,48,54,53,52,51,47,43,30,22,7,8,9,10,23,31,44,32,24,11,5,0]"
3,distance-matrix-100-1.txt,100,186.374090,146.238320,"[0,3,8,9,72,71,70,69,82,86,90,94,91,87,83,73,44,49,53,57,61,74,75,76,62,58,54,50,45,46,32,33,34,35,36,38,47,51,55,59,63,64,65,66,79,78,77,84,88,92,95,96,97,98,99,93,89,85,81,80,67,68,60,56,52,48,43,42,41,40,39,37,31,29,27,22,18,17,16,15,14,13,21,26,28,30,25,24,20,12,7,6,5,11,19,23,10,4,2,1,0]"
3,distance-matrix-100-3.txt,100,231.131902,132.100980,"[0,1,2,3,4,5,7,9,11,13,20,21,22,23,30,34,38,44,43,53,61,65,75,85,91,90,89,88,84,83,87,93,99,98,97,96,95,94,92,86,82,68,69,70,71,72,73,74,64,60,50,51,52,42,41,37,33,29,19,18,17,16,15,14,32,36,40,49,48,47,46,58,59,63,67,81,80,79,78,77,76,66,62,54,55,56,57,45,39,35,31,24,25,26,27,28,12,10,8,6,0]"
3,distance-matrix-100-2.txt,100,68.737041,139.858650,"[0,1,2,3,8,14,25,26,27,28,29,15,9,4,5,6,10,16,17,18,19,34,40,49,60,59,58,48,39,33,32,31,30,38,47,57,64,84,85,86,87,89,91,93,99,98,97,96,95,94,92,90,88,83,82,81,80,79,78,77,76,74,68,52,51,50,41,35,20,21,22,23,36,42,53,69,70,71,72,75,73,66,65,61,54,43,44,45,55,62,67,63,56,46,37,24,13,12,11,7,0]"
3,distance-matrix-100-4.txt,100,500.522723,150.304700,"[0,1,2,3,4,10,16,17,25,35,41,26,27,18,11,5,6,7,8,12,21,20,19,28,29,36,37,30,31,32,38,43,42,47,48,49,74,75,76,77,72,63,64,65,66,73,78,86,95,94,93,92,85,84,91,90,89,83,71,70,69,62,60,58,56,54,53,52,51,50,55,57,59,61,68,67,82,88,99,98,97,96,87,79,80,81,46,45,44,39,33,22,23,24,34,40,13,14,15,9,0]"
