0,file,nodes,time,cost,path
0,distance-matrix-150-4.txt,150,8091.962051,177.324010,"[0,1,2,3,8,24,33,25,9,10,11,26,27,12,13,14,28,37,55,56,62,69,76,85,96,95,94,116,134,133,132,131,115,104,105,106,107,84,75,68,61,54,36,35,34,44,43,42,53,52,51,50,67,74,83,82,81,80,79,103,114,130,129,128,127,126,125,113,112,124,138,146,149,148,147,145,137,136,144,143,142,141,140,139,135,117,118,119,108,97,86,77,70,71,46,45,38,29,15,4,5,6,16,30,39,47,48,40,31,17,18,19,20,32,41,49,60,59,58,57,72,78,87,98,110,109,120,121,122,123,111,99,100,101,102,88,89,90,91,92,93,73,63,64,65,66,23,22,21,7,0]"
