0,file,nodes,time,cost,path
1,distance-matrix-25-3.txt,25,0.347382,57.162280,"[(0,10),(1,0),(2,1),(3,2),(4,3),(5,4),(6,5),(7,6),(8,7),(9,8),(10,14),(11,12),(12,16),(13,9),(14,18),(15,11),(16,17),(17,13),(18,20),(19,15),(20,21),(21,22),(22,23),(23,24),(24,19)]"
1,distance-matrix-25-4.txt,25,0.690562,35.162280,"[(0,5),(1,0),(2,1),(3,2),(4,3),(5,7),(6,4),(7,9),(8,6),(9,11),(10,8),(11,19),(12,13),(13,14),(14,15),(15,10),(16,21),(17,16),(18,17),(19,18),(20,12),(21,23),(22,20),(23,24),(24,22)]"
1,distance-matrix-25-2.txt,25,0.471232,75.030600,"[(0,11),(1,0),(2,1),(3,2),(4,3),(5,6),(6,4),(7,12),(8,7),(9,8),(10,9),(11,10),(12,14),(13,5),(14,16),(15,13),(16,18),(17,15),(18,20),(19,17),(20,21),(21,22),(22,23),(23,24),(24,19)]"
1,distance-matrix-25-1.txt,25,0.413565,36.043300,"[(0,6),(1,0),(2,1),(3,2),(4,3),(5,4),(6,8),(7,5),(8,10),(9,7),(10,12),(11,17),(12,11),(13,9),(14,13),(15,14),(16,15),(17,19),(18,16),(19,21),(20,18),(21,22),(22,23),(23,24),(24,20)]"
1,distance-matrix-25-0.txt,25,0.557751,35.420600,"[(0,1),(1,2),(2,3),(3,4),(4,5),(5,7),(6,0),(7,9),(8,6),(9,15),(10,8),(11,10),(12,11),(13,21),(14,13),(15,14),(16,12),(17,24),(18,17),(19,18),(20,19),(21,23),(22,16),(23,20),(24,22)]"
