0,file,nodes,time,cost,path
0,distance-matrix-10-4.txt,10,0.038322,11.236070,"[0,1,2,3,5,7,9,8,6,4,0]"
0,distance-matrix-10-2.txt,10,0.057666,14.000000,"[0,1,2,3,4,5,7,9,8,6,0]"
0,distance-matrix-10-3.txt,10,0.025459,14.000000,"[0,1,2,3,4,5,7,9,8,6,0]"
0,distance-matrix-10-1.txt,10,0.020671,10.000000,"[0,3,5,7,8,9,6,4,2,1,0]"
0,distance-matrix-10-0.txt,10,0.034832,13.123110,"[0,1,2,3,4,6,8,9,7,5,0]"
